{"cameraMode":{"drawMode":0,"name":"Shaded","section":"Shading Mode"},"sceneLighting":true,"audioPlay":false,"sceneViewState":{"m_AlwaysRefresh":false,"showFog":true,"showSkybox":true,"showFlares":true,"showImageEffects":true,"showParticleSystems":true,"showVisualEffectGraphs":true,"m_FxEnabled":true},"in2DMode":false,"pivot":{"x":-388.4980773925781,"y":109.40335845947266,"z":26.342199325561525},"rotation":{"x":0.11990845948457718,"y":0.8715207576751709,"z":-0.2644554376602173,"w":0.39517316222190859},"size":12.12435531616211,"orthographic":false}