{"cameraMode":{"drawMode":0,"name":"Shaded","section":"Shading Mode"},"sceneLighting":false,"audioPlay":false,"sceneViewState":{"m_AlwaysRefresh":false,"showFog":true,"showSkybox":false,"showFlares":true,"showImageEffects":true,"showParticleSystems":true,"showVisualEffectGraphs":true,"m_FxEnabled":true},"in2DMode":false,"pivot":{"x":1.8385210037231446,"y":5.150857448577881,"z":-7.628835201263428},"rotation":{"x":0.004807439632713795,"y":-0.07353150844573975,"z":0.00025861107860691845,"w":0.997348964214325},"size":1.4150984287261963,"orthographic":false}