{"cameraMode":{"drawMode":0,"name":"Shaded","section":"Shading Mode"},"sceneLighting":false,"audioPlay":false,"sceneViewState":{"m_AlwaysRefresh":false,"showFog":true,"showSkybox":false,"showFlares":true,"showImageEffects":true,"showParticleSystems":true,"showVisualEffectGraphs":true,"m_FxEnabled":true},"in2DMode":false,"pivot":{"x":449.16656494140627,"y":483.4366149902344,"z":102.17215728759766},"rotation":{"x":-0.06533434987068176,"y":0.014772811904549599,"z":-0.005720603745430708,"w":-0.9984295964241028},"size":255.6280059814453,"orthographic":false}